{"SVM": 0.551433389544688, "Random Forest": 0.551433389544688}